{"cameraMode":{"drawMode":0,"name":"Shaded","section":"Shading Mode"},"sceneLighting":true,"audioPlay":false,"sceneViewState":{"showFog":true,"showMaterialUpdate":false,"showSkybox":true,"showFlares":true,"showImageEffects":true,"showParticleSystems":true},"in2DMode":false,"pivot":{"x":231.29930114746095,"y":179.59548950195313,"z":-46.58157730102539},"rotation":{"x":0.6279105544090271,"y":-0.007004055194556713,"z":0.005651342682540417,"w":0.7782352566719055},"size":2.1389753818511965,"orthographic":false}